<?xml version="1.0" encoding="UTF-8"?>
<project-private xmlns="http://www.netbeans.org/ns/project-private/1">
    <editor-bookmarks xmlns="http://www.netbeans.org/ns/editor-bookmarks/2" lastBookmarkId="0"/>
    <open-files xmlns="http://www.netbeans.org/ns/projectui-open-files/2">
        <group>
            <file>file:/C:/Users/Manol/OneDrive/Documentos/Projectes%20du%20l'Université/programationEtAlgebrie/Java/HUNDIR_LA_FLOTA/src/bin/BATTLESHIP.java</file>
            <file>file:/C:/Users/Manol/OneDrive/Documentos/Projectes%20du%20l'Université/programationEtAlgebrie/Java/HUNDIR_LA_FLOTA/src/bin/PlayAlone.java</file>
            <file>file:/C:/Users/Manol/OneDrive/Documentos/Projectes%20du%20l'Université/programationEtAlgebrie/Java/HUNDIR_LA_FLOTA/src/bin/LT.java</file>
            <file>file:/C:/Users/Manol/OneDrive/Documentos/Projectes%20du%20l'Université/programationEtAlgebrie/Java/HUNDIR_LA_FLOTA/src/bin/Board.java</file>
        </group>
    </open-files>
</project-private>
